company,activity_title,time,location,description,activity_url
2EMOTION - VIDEO IA,Event Websites That Perform.,html,,,https://www.asp.events/client
33 TRUCS,Event Websites That Perform.,html,,,https://www.asp.events/client
360LEARNING,Event Websites That Perform.,html,,,https://www.asp.events/client
3E INNOVATION,Event Websites That Perform.,html,,,https://www.asp.events/client
7SPEAKING SAS,Event Websites That Perform.,html,,,https://www.asp.events/client
7TAPS MICROLEARNING,Event Websites That Perform.,html,,,https://www.asp.events/client
8GAMELEARN,Event Websites That Perform.,html,,,https://www.asp.events/client
ACADEMIC SOFTWARE,Event Websites That Perform.,html,,,https://www.asp.events/client
ACTUENLIGNE / BOMBADIL,Event Websites That Perform.,html,,,https://www.asp.events/client
AI CRAFTERS,Event Websites That Perform.,html,,,https://www.asp.events/client
AKKODIS,Event Websites That Perform.,html,,,https://www.asp.events/client
ALBUS FACTORY,Event Websites That Perform.,html,,,https://www.asp.events/client
ALEGRIA.GROUP,Event Websites That Perform.,html,,,https://www.asp.events/client
ALTHERIA,Event Websites That Perform.,html,,,https://www.asp.events/client
ALTISSIA,Event Websites That Perform.,html,,,https://www.asp.events/client
ALTISSIMA GROUP,Event Websites That Perform.,html,,,https://www.asp.events/client
AMMON,Event Websites That Perform.,html,,,https://www.asp.events/client
ANEMON SMS LEARNING,Event Websites That Perform.,html,,,https://www.asp.events/client
ANTILOGY,Event Websites That Perform.,html,,,https://www.asp.events/client
APOLEARN,Event Websites That Perform.,html,,,https://www.asp.events/client
APTILINK,Event Websites That Perform.,html,,,https://www.asp.events/client
ARKHAM STUDIO,Event Websites That Perform.,html,,,https://www.asp.events/client
ARTICULATE / DISTRISOFT,Event Websites That Perform.,html,,,https://www.asp.events/client
ARTS ET METIERS,Event Websites That Perform.,html,,,https://www.asp.events/client
ASCENT FORMATION,Event Websites That Perform.,html,,,https://www.asp.events/client
ATTENSI,Event Websites That Perform.,html,,,https://www.asp.events/client
AUDACE DIGITAL LEARNING,Event Websites That Perform.,html,,,https://www.asp.events/client
AUTRICE,Event Websites That Perform.,html,,,https://www.asp.events/client
AVENIR CONSEIL,Event Websites That Perform.,html,,,https://www.asp.events/client
AZIMUTS,Event Websites That Perform.,html,,,https://www.asp.events/client
BABER LEARNING,Event Websites That Perform.,html,,,https://www.asp.events/client
BCDIPLOMA,Event Websites That Perform.,html,,,https://www.asp.events/client
BEALINK,Event Websites That Perform.,html,,,https://www.asp.events/client
BEEDEEZ,Event Websites That Perform.,html,,,https://www.asp.events/client
BIPED,Event Websites That Perform.,html,,,https://www.asp.events/client
BLIFY,Event Websites That Perform.,html,,,https://www.asp.events/client
BOOSTYOURIA,Event Websites That Perform.,html,,,https://www.asp.events/client
BUSUU FOR BUSINESS,Event Websites That Perform.,html,,,https://www.asp.events/client
CAMPUSNA,Event Websites That Perform.,html,,,https://www.asp.events/client
CARDS,Event Websites That Perform.,html,,,https://www.asp.events/client
CARTOONBASE,Event Websites That Perform.,html,,,https://www.asp.events/client
CEGID,Event Websites That Perform.,html,,,https://www.asp.events/client
CEGOS,Event Websites That Perform.,html,,,https://www.asp.events/client
CENTRE INFFO,Event Websites That Perform.,html,,,https://www.asp.events/client
CERTIFICATIONS CLOE,Event Websites That Perform.,html,,,https://www.asp.events/client
CERTIFOPAC,Event Websites That Perform.,html,,,https://www.asp.events/client
CHAMELAION,Event Websites That Perform.,html,,,https://www.asp.events/client
CHAUFFE-SOURIS,Event Websites That Perform.,html,,,https://www.asp.events/client
CHECKSUB,Event Websites That Perform.,html,,,https://www.asp.events/client
CLASSILIO,Event Websites That Perform.,html,,,https://www.asp.events/client
CLEONE FORMATION,Event Websites That Perform.,html,,,https://www.asp.events/client
CLIC CAMPUS,Event Websites That Perform.,html,,,https://www.asp.events/client
COACHELLO,Event Websites That Perform.,html,,,https://www.asp.events/client
COLLOCK,Event Websites That Perform.,html,,,https://www.asp.events/client
COMETE,Event Websites That Perform.,html,,,https://www.asp.events/client
CONTOURNEMENT,Event Websites That Perform.,html,,,https://www.asp.events/client
CORNERSTONE,Event Websites That Perform.,html,,,https://www.asp.events/client
CRAFTSTORY,Event Websites That Perform.,html,,,https://www.asp.events/client
CROSSKNOWLEDGE,Event Websites That Perform.,html,,,https://www.asp.events/client
D'UN SEUL GESTE,Event Websites That Perform.,html,,,https://www.asp.events/client
DAWAN,Event Websites That Perform.,html,,,https://www.asp.events/client
DEC,Event Websites That Perform.,html,,,https://www.asp.events/client
DEEL,Event Websites That Perform.,html,,,https://www.asp.events/client
DIDASK,Event Websites That Perform.,html,,,https://www.asp.events/client
DIGIFORMA,Event Websites That Perform.,html,,,https://www.asp.events/client
DIGITAL AND HUMAN,Event Websites That Perform.,html,,,https://www.asp.events/client
DOCEBO,Event Websites That Perform.,html,,,https://www.asp.events/client
DOKEOS,Event Websites That Perform.,html,,,https://www.asp.events/client
E-CHARLEMAGNE,Event Websites That Perform.,html,,,https://www.asp.events/client
E-LEARNING TOUCH',Event Websites That Perform.,html,,,https://www.asp.events/client
E-TIPI LEARNING,Event Websites That Perform.,html,,,https://www.asp.events/client
EDFLEX,Event Websites That Perform.,html,,,https://www.asp.events/client
EDKO,Event Websites That Perform.,html,,,https://www.asp.events/client
EDTAKE,Event Websites That Perform.,html,,,https://www.asp.events/client
EDTECH FRANCE,Event Websites That Perform.,html,,,https://www.asp.events/client
EDTECH STATION WALLONIA,Event Websites That Perform.,html,,,https://www.asp.events/client
EDUNAO,Event Websites That Perform.,html,,,https://www.asp.events/client
EDUSIGN,Event Websites That Perform.,html,,,https://www.asp.events/client
EDZO,Event Websites That Perform.,html,,,https://www.asp.events/client
"ELAO, TEST DE LANGUE",Event Websites That Perform.,html,,,https://www.asp.events/client
ELEO BY NOOUS,Event Websites That Perform.,html,,,https://www.asp.events/client
ELEPHORM,Event Websites That Perform.,html,,,https://www.asp.events/client
EN-JEUX D'ENTREPRISE,Event Websites That Perform.,html,,,https://www.asp.events/client
ENI,Event Websites That Perform.,html,,,https://www.asp.events/client
ENOVATION,Event Websites That Perform.,html,,,https://www.asp.events/client
EVALUO,Event Websites That Perform.,html,,,https://www.asp.events/client
EVENTS GAMES,Sérieusement ludique depuis 2004 !,html,,,http://www.eventsgames.com
EVENTS GAMES,Sérieusement ludique depuis 2004 !,html,,,http://www.eventsgames.com
EVENTS GAMES,S’identifier,html,,,https://www.linkedin.com/company/events-games/about/
EVENTS GAMES,Event Websites That Perform.,html,,,https://www.asp.events/client
EXCENT XR,Event Websites That Perform.,html,,,https://www.asp.events/client
EXPERQUIZ,Event Websites That Perform.,html,,,https://www.asp.events/client
FACE UP,Event Websites That Perform.,html,,,https://www.asp.events/client
FIDAL FORMATIONS x CCD AGENCY,Event Websites That Perform.,html,,,https://www.asp.events/client
FILIZ,Event Websites That Perform.,html,,,https://www.asp.events/client
FIRST GROUP,Event Websites That Perform.,html,,,https://www.asp.events/client
FLOWBOW,Event Websites That Perform.,html,,,https://www.asp.events/client
FORA FORMATION,Event Websites That Perform.,html,,,https://www.asp.events/client
FORMALEARNING,Event Websites That Perform.,html,,,https://www.asp.events/client
FORMDEV,Event Websites That Perform.,html,,,https://www.asp.events/client
FRELLO,Event Websites That Perform.,html,,,https://www.asp.events/client
FSO EDITION,Event Websites That Perform.,html,,,https://www.asp.events/client
GERIP COMPETENCES,Event Websites That Perform.,html,,,https://www.asp.events/client
GLOWBL,Event Websites That Perform.,html,,,https://www.asp.events/client
GO1,Event Websites That Perform.,html,,,https://www.asp.events/client
GOFLUENT,Event Websites That Perform.,html,,,https://www.asp.events/client
GOODHABITZ,Event Websites That Perform.,html,,,https://www.asp.events/client
GOWIZAPP,Event Websites That Perform.,html,,,https://www.asp.events/client
GROUPE AGAU,Event Websites That Perform.,html,,,https://www.asp.events/client
GUTENBERG TECHNOLOGY,Event Websites That Perform.,html,,,https://www.asp.events/client
HELLO ESCAPE,Event Websites That Perform.,html,,,https://www.asp.events/client
HTC VIVE,Event Websites That Perform.,html,,,https://www.asp.events/client
I-LEARN by TIMLOG SOLUTIONS,Event Websites That Perform.,html,,,https://www.asp.events/client
I-OASIS,Event Websites That Perform.,html,,,https://www.asp.events/client
ICDL FRANCE,Event Websites That Perform.,html,,,https://www.asp.events/client
IL&DI,Event Websites That Perform.,html,,,https://www.asp.events/client
IMMERSCIO.BIO,Event Websites That Perform.,html,,,https://www.asp.events/client
INGENIUM DIGITAL LEARNING,Event Websites That Perform.,html,,,https://www.asp.events/client
INNOV' AKADEMY,Event Websites That Perform.,html,,,https://www.asp.events/client
INSIGHTS,Event Websites That Perform.,html,,,https://www.asp.events/client
INTEACH,Event Websites That Perform.,html,,,https://www.asp.events/client
INTELIXA,Event Websites That Perform.,html,,,https://www.asp.events/client
ISPRING,Event Websites That Perform.,html,,,https://www.asp.events/client
ISTF,Event Websites That Perform.,html,,,https://www.asp.events/client
ITYCOM,Event Websites That Perform.,html,,,https://www.asp.events/client
KLARA HR,Event Websites That Perform.,html,,,https://www.asp.events/client
KNOWMORE,Event Websites That Perform.,html,,,https://www.asp.events/client
KOKOROE,Event Websites That Perform.,html,,,https://www.asp.events/client
KORDA & COMPANY,Event Websites That Perform.,html,,,https://www.asp.events/client
KSIRI LEARNING,Event Websites That Perform.,html,,,https://www.asp.events/client
KWARK,Event Websites That Perform.,html,,,https://www.asp.events/client
LALAMEDIA,Event Websites That Perform.,html,,,https://www.asp.events/client
LAMY LIAISONS,Event Websites That Perform.,html,,,https://www.asp.events/client
LE MAG RH,Event Websites That Perform.,html,,,https://www.asp.events/client
LEARNING INSIDE,Event Websites That Perform.,html,,,https://www.asp.events/client
LEARNLIGHT,Event Websites That Perform.,html,,,https://www.asp.events/client
LEMON LEARNING,Event Websites That Perform.,html,,,https://www.asp.events/client
LIBRAIRIE GERESO,Event Websites That Perform.,html,,,https://www.asp.events/client
LINK UP,Event Websites That Perform.,html,,,https://www.asp.events/client
LMS FACTORY,Event Websites That Perform.,html,,,https://www.asp.events/client
LUDICIUS,Event Websites That Perform.,html,,,https://www.asp.events/client
LUMAPPS LEARNING (ex Teach On Mars),Event Websites That Perform.,html,,,https://www.asp.events/client
LYADIS,Event Websites That Perform.,html,,,https://www.asp.events/client
MAGGY,Event Websites That Perform.,html,,,https://www.asp.events/client
MANDARINE ACADEMY,Event Websites That Perform.,html,,,https://www.asp.events/client
MENDO,Event Websites That Perform.,html,,,https://www.asp.events/client
MEREOS,Event Websites That Perform.,html,,,https://www.asp.events/client
MISTER IA,Event Websites That Perform.,html,,,https://www.asp.events/client
MIZOU AI,Event Websites That Perform.,html,,,https://www.asp.events/client
MOBITEACH,Event Websites That Perform.,html,,,https://www.asp.events/client
MOBYLEIS (BY LYSEIS PARTNER),Event Websites That Perform.,html,,,https://www.asp.events/client
MOMENTUM BY FIFTY,Event Websites That Perform.,html,,,https://www.asp.events/client
MOOCit,Event Websites That Perform.,html,,,https://www.asp.events/client
MOS MINDONSITE,Event Websites That Perform.,html,,,https://www.asp.events/client
MUCHBETTER.AI,Event Websites That Perform.,html,,,https://www.asp.events/client
MY GREEN TRAINING BOX,Event Websites That Perform.,html,,,https://www.asp.events/client
MY HAPPY LEARNING - AKOR CONSULTING,Event Websites That Perform.,html,,,https://www.asp.events/client
MY-SERIOUS-GAME,Event Websites That Perform.,html,,,https://www.asp.events/client
MYCONNECTING,Event Websites That Perform.,html,,,https://www.asp.events/client
NELLAPP,Event Websites That Perform.,html,,,https://www.asp.events/client
NEWTON AGENCE,Event Websites That Perform.,html,,,https://www.asp.events/client
NIIT,Event Websites That Perform.,html,,,https://www.asp.events/client
NOLEJ,Event Websites That Perform.,html,,,https://www.asp.events/client
NOUVELLES VOIX FORMATION,Event Websites That Perform.,html,,,https://www.asp.events/client
NOVAE DIGITAL LEARNING,Event Websites That Perform.,html,,,https://www.asp.events/client
NUMA,Event Websites That Perform.,html,,,https://www.asp.events/client
NUMIX,Event Websites That Perform.,html,,,https://www.asp.events/client
ODOO,Event Websites That Perform.,html,,,https://www.asp.events/client
OHÉ - ORTHOGRAPHE HÉROS,Event Websites That Perform.,html,,,https://www.asp.events/client
OMNISCOL,Event Websites That Perform.,html,,,https://www.asp.events/client
ORSYS,Event Websites That Perform.,html,,,https://www.asp.events/client
PARAGON,Event Websites That Perform.,html,,,https://www.asp.events/client
PARCOURAMA,Event Websites That Perform.,html,,,https://www.asp.events/client
PEARSON,Event Websites That Perform.,html,,,https://www.asp.events/client
PEOPLECERT,Event Websites That Perform.,html,,,https://www.asp.events/client
PINKTUM,Event Websites That Perform.,html,,,https://www.asp.events/client
PITCHY,Event Websites That Perform.,html,,,https://www.asp.events/client
PROCERTIF,Event Websites That Perform.,html,,,https://www.asp.events/client
PROJET VOLTAIRE,Event Websites That Perform.,html,,,https://www.asp.events/client
QUALIOBEE,Event Websites That Perform.,html,,,https://www.asp.events/client
QUEOVAL,Event Websites That Perform.,html,,,https://www.asp.events/client
QUIZZBOX SOLUTIONS,Event Websites That Perform.,html,,,https://www.asp.events/client
RAPIDMOOC,Event Websites That Perform.,html,,,https://www.asp.events/client
READSPEAKER,Event Websites That Perform.,html,,,https://www.asp.events/client
READY FOR TAKEOFF,Event Websites That Perform.,html,,,https://www.asp.events/client
REALITY ACADEMY,Event Websites That Perform.,html,,,https://www.asp.events/client
REWARD SOLUTION,Event Websites That Perform.,html,,,https://www.asp.events/client
RHAPSODY,Event Websites That Perform.,html,,,https://www.asp.events/client
RISE UP,Event Websites That Perform.,html,,,https://www.asp.events/client
SANA,Event Websites That Perform.,html,,,https://www.asp.events/client
SAVOIR IA®,Event Websites That Perform.,html,,,https://www.asp.events/client
SEPTEO EDUCATION,Event Websites That Perform.,html,,,https://www.asp.events/client
SHORTWAYS,Event Websites That Perform.,html,,,https://www.asp.events/client
SINFONY,Event Websites That Perform.,html,,,https://www.asp.events/client
SKILLOGS,Event Websites That Perform.,html,,,https://www.asp.events/client
SKOLAE FORMATION,Event Websites That Perform.,html,,,https://www.asp.events/client
SMARTOF,Event Websites That Perform.,html,,,https://www.asp.events/client
SOWESOFT,Event Websites That Perform.,html,,,https://www.asp.events/client
SPARTED,Event Websites That Perform.,html,,,https://www.asp.events/client
SPEEXX,Event Websites That Perform.,html,,,https://www.asp.events/client
STAT4DECISION,Event Websites That Perform.,html,,,https://www.asp.events/client
STELLIANT,Event Websites That Perform.,html,,,https://www.asp.events/client
"STUDYO, PLAY & LEARN",Event Websites That Perform.,html,,,https://www.asp.events/client
SYNERGIZ,Event Websites That Perform.,html,,,https://www.asp.events/client
SYNTHESIA,Event Websites That Perform.,html,,,https://www.asp.events/client
TAKOMA,Event Websites That Perform.,html,,,https://www.asp.events/client
TEACH UP,Event Websites That Perform.,html,,,https://www.asp.events/client
TEACHIZYPLUS,Event Websites That Perform.,html,,,https://www.asp.events/client
TEASIO,Event Websites That Perform.,html,,,https://www.asp.events/client
TECHSMITH,Event Websites That Perform.,html,,,https://www.asp.events/client
TEETCHE,Event Websites That Perform.,html,,,https://www.asp.events/client
TELEVIC – ASSESSMENTQ,Event Websites That Perform.,html,,,https://www.asp.events/client
TEO TRAINING,Event Websites That Perform.,html,,,https://www.asp.events/client
TESTS D'ANGLAIS TOEIC,Event Websites That Perform.,html,,,https://www.asp.events/client
TIPS N' LEARN,Event Websites That Perform.,html,,,https://www.asp.events/client
TOOLEARN,Event Websites That Perform.,html,,,https://www.asp.events/client
TOOTAK,Event Websites That Perform.,html,,,https://www.asp.events/client
TOSA,Event Websites That Perform.,html,,,https://www.asp.events/client
TRAINDY,Event Websites That Perform.,html,,,https://www.asp.events/client
TRAINING ORCHESTRA,Event Websites That Perform.,html,,,https://www.asp.events/client
TRAINING SQUARE,Event Websites That Perform.,html,,,https://www.asp.events/client
TU COMMENCES DEMAIN,Event Websites That Perform.,html,,,https://www.asp.events/client
UBICAST,Event Websites That Perform.,html,,,https://www.asp.events/client
UPTALE,Event Websites That Perform.,html,,,https://www.asp.events/client
VALENCE,Event Websites That Perform.,html,,,https://www.asp.events/client
VERY UP,Event Websites That Perform.,html,,,https://www.asp.events/client
VIDEO TELLING,Event Websites That Perform.,html,,,https://www.asp.events/client
VRAI LEARNING,Event Websites That Perform.,html,,,https://www.asp.events/client
WAY2TECH.AI,Event Websites That Perform.,html,,,https://www.asp.events/client
WHATFIX,Event Websites That Perform.,html,,,https://www.asp.events/client
WIXAR,Event Websites That Perform.,html,,,https://www.asp.events/client
WOOCLAP,Event Websites That Perform.,html,,,https://www.asp.events/client
XOS,Event Websites That Perform.,html,,,https://www.asp.events/client
XPLAIN,Event Websites That Perform.,html,,,https://www.asp.events/client
YOUR-COMICS,Event Websites That Perform.,html,,,https://www.asp.events/client
